"Model_Name","Theta_WLE"
"MaziyarPanahi/calme-3.2-instruct-78b",2.32524910499428
"MaziyarPanahi/calme-3.1-instruct-78b",2.58618143865323
"MaziyarPanahi/calme-2.4-rys-78b",2.34132015199013
"dfurman/CalmeRys-78B-Orpo-v0.1",2.34138369465704
"MaziyarPanahi/calme-2.1-rys-78b",0.00271946604263332
"MaziyarPanahi/calme-2.3-rys-78b",-0.663530843468141
"DreadPoor/Kindling-8B-Model_Stock",1.12842288927733
"MaziyarPanahi/calme-2.2-rys-78b",0.0106126451701408
"DreadPoor/Noxis-8B-LINEAR",0.424407420295589
"DreadPoor/Rusted_Gold-8B-LINEAR",0.790762053343758
"DreadPoor/VENN_1.2-8B-Model_Stock",0.888783045426737
"T145/ZEUS-8B-V17-abliterated",0.482179919108304
"djuna/L3.1-Promissum_Mane-8B-Della-calc",0.614976233169443
"DreadPoor/Lydia_of_Whiterun-8B-LINEAR",0.988068717273332
"DreadPoor/Morphing-8B-Model_Stock",1.15236176287323
"DreadPoor/Promissum_Mane-8B-LINEAR-lorablated",0.710105558677374
"DreadPoor/Yearn_V3-8B-Model_Stock",1.13843849757157
"DreadPoor/remember_to_breathe-8b-Model-Stock",0.763377467956353
"T145/KRONOS-8B-V2",0.621182126659625
"T145/ZEUS-8B-V11",1.13381488230052
"grimjim/llama-3-Nephilim-v1-8B",-0.0819793679897892
"DreadPoor/Derivative_V2_ALT-8B-Model_Stock",1.08427738592845
"DreadPoor/Happy_New_Year-8B-Model_Stock",1.10989687949192
"DreadPoor/Heart_Stolen-8B-Model_Stock",0.816271261089917
"DreadPoor/Matryoshka-8B-LINEAR",1.13540147495025
"bunnycore/HyperLlama-3.1-8B",0.905994346385449
"DreadPoor/BaeZel_V3-8B-Model_Stock",1.10109368505464
"DreadPoor/Elusive_Dragon_Heart-8B-LINEAR",0.994056717028694
"DreadPoor/Here_We_Go_Again-8B-SLERP",1.14090148149098
"DreadPoor/Laughing_Stock-8B-Model_Stock",0.914687918964155
"DreadPoor/Summer_Dusk-8B-TIES",1.12746596304525
"flammenai/Mahou-1.2a-llama3-8B",-0.0776193073835864
"jaspionjader/Kosmos-EVAA-gamma-8B",0.424515217875465
"jaspionjader/fr-10-8b",0.651760155575454
"meditsolutions/Llama-3.1-MedIT-SUN-8B",1.12966460343466
"DavidAU/L3-Dark-Planet-8B",0.0208439133125533
"DoppelReflEx/L3-8B-R1-WolfCore-V1.5-test",0.0283417435665403
"DreadPoor/Aurora_faustus-8B-LINEAR",1.14183297176976
"DreadPoor/Minus_Penus-8B-Model_Stock",0.627822169806335
"DreadPoor/Nwah-8B-Model_Stock",1.13037489478371
"DreadPoor/ZEUS-8B-V17-Abliterated_ALT",0.961405204726469
"DreadPoor/Zelus_V2-8B-Model_Stock",1.1231563062631
"DreadPoor/Zelus-8B-Model_Stock",1.10980744143414
"Eurdem/Defne-llama3.1-8B",0.610013940977359
"Joseph717171/Llama-3.1-SuperNova-8B-Lite_TIES_with_Base",0.648972488868707
"Nexesenex/Llama_3.1_8b_Dolermed_R1_V1.03",0.608363879910972
"T145/ZEUS-8B-V14",1.1265956504878
"T145/ZEUS-8B-V16",1.13212415412845
"ZeroXClem/L3-Aspire-Heart-Matrix-8B",0.990908682117292
"saishf/Neural-SOVLish-Devil-8B-L3",-7.62132428129066e-06
"ymcki/Llama-3.1-8B-GRPO-Instruct",0.605674564582149
"Dampfinchen/Llama-3.1-8B-Ultra-Instruct",0.444738236521564
"DeepAutoAI/ldm_soup_Llama-3.1-8B-Inst",1.13840073125165
"DeepAutoAI/ldm_soup_Llama-3.1-8B-Instruct-v0.0",1.13706056912071
"DeepAutoAI/ldm_soup_Llama-3.1-8B-Instruct-v0.1",1.13706056912071
"DreadPoor/Alita99-8B-LINEAR",1.0904432404081
"DreadPoor/Asymmetric_Linearity-8B-Model_Stock",1.13484114821643
"DreadPoor/BaeZel_V2_ALT-8B-Model_Stock",1.20101535717907
"DreadPoor/BaeZel_V2-8B-Model_Stock",1.20101535717907
"DreadPoor/Blunt_Edge-8B-SLERP",0.973581173919748
"DreadPoor/Condensed_Milk-8B-Model_Stock",1.13542109690034
"DreadPoor/Decayed-8B-LINEAR",0.884130713330314
"DreadPoor/Incidental-8B-Model_Stock",1.12857260146146
"DreadPoor/LemonP-8B-Model_Stock",1.1706716365267
"DreadPoor/Something-8B-Model_Stock",1.16708373116522
"DreadPoor/Yafune-8B-Model_Stock",1.11792738603361
"Nexesenex/Llama_3.1_8b_Dolermed_R1_V1.01",0.607387547541076
"Nexesenex/Llama_3.1_8b_Typhoon_v1.03",1.11439370631848
"T145/ZEUS-8B-V13",1.12823238192894
"T145/ZEUS-8B-V17",1.13341722147609
"T145/ZEUS-8B-V27",0.612706926802086
"T145/ZEUS-8B-V28",1.13512293822837
"T145/ZEUS-8B-V3",0.6246534778047
"djuna/L3.1-Promissum_Mane-8B-Della-1.5-calc",1.07953908420374
"jaspionjader/Kosmos-EVAA-Franken-v38-8B",0.386919748615632
"jaspionjader/Kosmos-EVAA-gamma-alt-8B",0.412760005665405
"moeru-ai/L3.1-Moe-2x8B-v0.2",1.13578795895252
"DreadPoor/Aspire_V2-8B-Model_Stock",0.728442018523305
"DreadPoor/Aurora_faustus-8B-LORABLATED_ALT",0.641073122739875
"DreadPoor/Cadence-8B-LINEAR",0.985704339810369
"DreadPoor/Derivative-8B-Model_Stock",1.11921437552446
"DreadPoor/Eunoia_Vespera-8B-LINEAR",1.12092455732676
"DreadPoor/L3.1-BaeZel-8B-Della",1.13472838877045
"DreadPoor/Mercury_In_Retrograde-8b-Model-Stock",1.08007826017359
"DreadPoor/Minthy_V2-8B-Model_Stock",0.726981931520161
"DreadPoor/Oh_Boy-8B-LINEAR",1.13386132920593
"DreadPoor/Sun-8B-Model_Stock",1.16410968454361
"DreadPoor/UNTESTED-VENN_1.2-8B-Model_Stock",0.970679278346526
"DreadPoor/hakuchido-8B-MODEL_STOCK",0.822002397793515
"DreadPoor/ichor_1.1-8B-Model_Stock",1.1296023443378
"DreadPoor/inexpertus_1.2-8B-LINEAR",0.913377252796129
"Nexesenex/Llama_3.1_8b_Stormeder_v1.04",1.11473664971309
"T145/ZEUS-8B-V10",1.13281382317804
"T145/ZEUS-8B-V18",1.13178443229186
"T145/ZEUS-8B-V26",0.621066186660705
"VAGOsolutions/Llama-3.1-SauerkrautLM-8b-Instruct",1.1151874815884
"cstr/llama3.1-8b-spaetzle-v90",0.712331247253612
"djuna/L3.1-Purosani-2-8B",0.646724448250839
"jaspionjader/Kosmos-EVAA-PRP-v25-8B",0.630698002447023
"jaspionjader/Kosmos-EVAA-immersive-sof-v44-8B",0.816477798315082
"jaspionjader/f-1-8b",1.11121168638587
"DreadPoor/Aurora_faustus-8B-LORABLATED",0.605592713468633
"DreadPoor/Fu_sion_HA-8B-SLERP",1.13656386051883
"DreadPoor/Lava_Lamp-8B-SLERP",0.647513230966962
"DreadPoor/Sweetened_Condensed_Milk-8B-Model_Stock",1.11346731497445
"DreadPoor/Wannabe-8B-Model_Stock",0.922612688703933
"DreadPoor/inexpertus_1.1-8B-LINEAR",0.901688764966508
"Nexesenex/Llama_3.1_8b_Dolerstormed_V1.04",1.12100072222901
"Orenguteng/Llama-3.1-8B-Lexi-Uncensored-V2",0.804481912387606
"T145/KRONOS-8B-V8",0.843005043937687
"T145/ZEUS-8B-V12",1.14080164512093
"T145/ZEUS-8B-V19",1.13465486573794
"T145/ZEUS-8B-V20",1.13509593710818
"T145/ZEUS-8B-V22",1.1395874648728
"T145/ZEUS-8B-V2L2",1.13027592812466
"T145/ZEUS-8B-V29",1.13557066057477
"T145/ZEUS-8B-V4",0.755959625087577
"grimjim/llama-3-Nephilim-v2-8B",-0.104116083495961
"jaspionjader/Kosmos-EVAA-PRP-v34-8B",0.763943446034567
"jaspionjader/TSN-Kosmos-EVAA-8B",0.473384825763385
"jaspionjader/TSN-Kosmos-EVAA-v2-8B",0.340111158258034
"jaspionjader/fr-3-8b",0.337362709203244
"DreadPoor/Aspire_V2.1-8B-Model_Stock",0.848031682414251
"DreadPoor/BaeZel-8B-LINEAR",1.13058161338211
"DreadPoor/BaeZel-8B-Model_Stock",1.13685758522366
"DreadPoor/Derivative_V2-8B-Model_Stock",0.964291179721391
"DreadPoor/H_the_eighth-8B-LINEAR",1.1303235707752
"Isaak-Carter/JOSIEv4o-8b-stage1-v4",-0.831515778274036
"Naveenpoliasetty/llama3-8B-V2",-0.00767583206616152
"Nitral-AI/Hathor_Tahsin-L3-8B-v0.85",0.0219580455589157
"T145/ZEUS-8B-V6",0.819483160609898
"jaspionjader/Kosmos-EVAA-PRP-v28-8B",0.632158748697321
"jaspionjader/Kosmos-EVAA-PRP-v31-8B",0.823867623610107
"jaspionjader/Kosmos-EVAA-PRP-v33-8B",0.828777240690404
"jaspionjader/Kosmos-EVAA-gamma-v14-8B",0.729960974866269
"jaspionjader/Kosmos-EVAA-gamma-v15-8B",0.784027372805715
"jaspionjader/fct-14-8b",0.371263746144483
"jaspionjader/fr-1-8b",0.00578606861029487
"jaspionjader/kstc-1-8b",0.633347703830431
"nbeerbower/llama-3-gutenberg-8B",-0.117557142014661
"yuchenxie/ArlowGPT-8B",0.908860317043688
"DeepMount00/Llama-3.1-8b-Ita",0.402782471225716
"Delta-Vector/Control-8B",0.621127214218344
"DreadPoor/Aspire_V4-8B-Model_Stock",0.771301510689845
"DreadPoor/Damasteel-8B-LINEAR",0.868951723674339
"DreadPoor/Howdy-8B-LINEAR",1.07364081411354
"DreadPoor/OrangeJ-8B-Model_Stock",1.19719612991906
"DreadPoor/Promissum_Mane-8B-LINEAR",1.12638516083174
"DreadPoor/Rusted_Platinum-8B-LINEAR",0.61809046610828
"DreadPoor/Summer_Rain-8B-SCE",-0.539659528775524
"DreadPoor/Summer_Rain-8B-TIES",-0.539659528775524
"Nexesenex/Llama_3.1_8b_Hermedash_R1_V1.04",1.13017710337739
"Quazim0t0/Chromatic-8b-sce",0.624257641047976
"T145/KRONOS-8B-V4",0.841828894921274
"T145/Llama-3.1-8B-Instruct-Zeus",1.13307822706204
"T145/Meta-Llama-3.1-8B-Instruct-TIES",0.828000641831472
"T145/ZEUS-8B-V13-abliterated",1.11647970949935
"T145/ZEUS-8B-V2",1.13649612689088
"T145/ZEUS-8B-V2-abliterated",1.11162227211351
"T145/ZEUS-8B-V30",1.1315248275638
"Youlln/1PARAMMYL-8B-ModelStock",0.706090912150027
"jaspionjader/Kosmos-EVAA-gamma-light-8B",0.792298303872835
"jaspionjader/Kosmos-EVAA-gamma-v13-8B",0.742258339468936
"jaspionjader/f-8-8b",0.939894923622317
"jaspionjader/knf-2-8b",0.692848811719525
"johnsutor/Llama-3-8B-Instruct_breadcrumbs-density-0.5-gamma-0.01",-1.37246448211601
"johnsutor/Llama-3-8B-Instruct_linear",-0.161088565171461
"pankajmathur/orca_mini_v6_8b_dpo",-0.539030502952252
"princeton-nlp/Llama-3-Instruct-8B-RDPO-v0.2",-0.0969563430027661
"vicgalle/Configurable-Llama-3.1-8B-Instruct",0.595566846397122
"DeepAutoAI/Explore_Llama-3.1-8B-Inst",0.738973238765558
"DreadPoor/Autumn_Dawn-8B-LINEAR",1.18173252843879
"DreadPoor/Caelid-8B-Model_Stock",0.805837941811567
"DreadPoor/Sellen-8B-model_stock",0.31416450866477
"DreadPoor/Trinas_Nectar-8B-model_stock",0.386045783463783
"DreadPoor/Winter_Night-8B-Model_Stock",0.3517250119105
"DreadPoor/inexpertus-8B-Model_Stock",0.966183668853173
"Kukedlc/NeuralLLaMa-3-8b-DT-v0.1",-0.0040369128496494
"Nexesenex/Llama_3.1_8b_DodoWild_v2.02",0.716138080839847
"PJMixers-Dev/LLaMa-3.1-RomboTiesTest2-8B",0.839374762718306
"PJMixers-Dev/LLaMa-3.1-RomboTiesTest-8B",0.839374762718306
"Sakalti/Phi3.5-Comets-3.8B",-1.98316075303141
"T145/KRONOS-8B-V1-P1",0.785370603816495
"grimjim/Llama-Nephilim-Metamorphosis-v2-8B",0.675047228953505
"jaspionjader/Kosmos-EVAA-PRP-light-8B",0.582044139990209
"jaspionjader/f-2-8b",0.962841494551707
"jaspionjader/f-5-8b",0.977459196797112
"jaspionjader/kstc-11-8b",0.713654777208906
"vhab10/llama-3-8b-merged-linear",-0.276469132254311
"DreadPoor/Aspire-8B-model_stock",0.843430339357431
"DreadPoor/Minthy-8B-Model_Stock",1.22506845140461
"DreadPoor/Minthy_ALT-8B-Model_Stock",0.589208568137151
"DreadPoor/Spring_Dusk-8B-SCE",-0.508067624343677
"DreadPoor/Winter_Dawn-8B-TIES",1.16495521093188
"Nexesenex/Llama_3.1_8b_DodoWild_v2.03",0.764270056241741
"Replete-AI/Replete-LLM-V2-Llama-3.1-8b",0.3949659609842
"T145/ZEUS-8B-V23",0.643953206204068
"T145/ZEUS-8B-V9",1.1428171365006
"akjindal53244/Llama-3.1-Storm-8B",1.10386339024319
"bunnycore/Tulu-3.1-8B-SuperNova",1.10446129898096
"dnhkng/RYS-Llama-3.1-8B-Instruct",0.31529813533337
"jaspionjader/Auro-Kosmos-EVAA-v2.1-8B",0.996565984043443
"jaspionjader/Kosmos-EVAA-PRP-v30-8B",0.889182697552786
"jaspionjader/Kosmos-EVAA-PRP-v32-8B",0.706854903535637
"jaspionjader/Kosmos-EVAA-gamma-light-alt-8B",0.699103858974615
"jaspionjader/Kosmos-EVAA-gamma-v16-8B",0.787484067601775
"jaspionjader/Kosmos-EVAA-v10-8B",0.942316761621889
"jaspionjader/Kosmos-EVAA-v5-8B",0.941840409595956
"jaspionjader/Kosmos-EVAA-v8-8B",0.97083114954937
"jaspionjader/Kosmos-Elusive-VENN-Asymmetric-8B",0.943279568967734
"jaspionjader/f-9-8b",0.959916375361518
"jaspionjader/kstc-9-8b",0.710019818082003
"princeton-nlp/Llama-3-Instruct-8B-DPO-v0.2",-0.103244971322837
"princeton-nlp/Llama-3-Instruct-8B-ORPO",-0.196298925967973
"v000000/L3.1-Niitorm-8B-DPO-t0.0001",0.663728982059321
"BAAI/OPI-Llama-3.1-8B-Instruct",-1.51919734834508
"DeepAutoAI/d2nwg_Llama-3.1-8B-Instruct-v0.0",0.907924326691303
"DreadPoor/WIP_Damascus-8B-TIES",0.855974856630205
"DreadPoor/Winter-8B-SCE",0.894684681722101
"Nexesenex/Llama_3.1_8b_DodoWild_v2.10",0.922861937105629
"Quazim0t0/TBL-8B-sce",0.124695227634887
"T145/ZEUS-8B-V8",0.717044110223075
"Vikhrmodels/Vikhr-Llama3.1-8B-Instruct-R-21-09-24",0.33118811024759
"grimjim/DeepSauerHuatuoSkywork-R1-o1-Llama-3.1-8B",1.12685755797882
"hotmailuser/LlamaStock-8B",0.840990725826612
"jaspionjader/Kosmos-EVAA-Franken-Immersive-v39-8B",0.754571413069555
"jaspionjader/Kosmos-EVAA-PRP-v24-8B",0.645055918990607
"jaspionjader/Kosmos-EVAA-PRP-v27-8B",0.636268121744196
"jaspionjader/Kosmos-EVAA-PRP-v26-8B",0.750811399332809
"jaspionjader/Kosmos-EVAA-PRP-v29-8B",0.672961753060988
"jaspionjader/Kosmos-EVAA-gamma-v18-8B",0.739640237810766
"jaspionjader/f-4-8b",0.998322969931334
"jaspionjader/f-7-8b",0.81860767932943
"jaspionjader/knfp-3-8b",0.786119160373407
"johnsutor/Llama-3-8B-Instruct_breadcrumbs-density-0.3-gamma-0.1",-0.173072291346264
"johnsutor/Llama-3-8B-Instruct_ties-density-0.1",-0.344038025461877
"mkxu/llama-3-8b-instruct-fpo",-0.226370896123494
"tannedbum/L3-Nymeria-v2-8B",0.0185080070884545
"Etherll/Herplete-LLM-Llama-3.1-8b",0.583405043255663
"HiroseKoichi/Llama-Salad-4x8B-V3",-0.0720059388797169
"Quazim0t0/Jekyl-8b-sce",0.216923072187245
"Sao10K/L3-8B-Lunaris-v1",0.0203249600657824
"SicariusSicariiStuff/Impish_Mind_8B",-0.79286041222647
"T145/KRONOS-8B-V9",0.763351944003256
"T145/ZEUS-8B-V15",0.630163020241043
"T145/ZEUS-8B-V2L1",0.312007352112444
"Triangle104/BigTalker-Lite-8B",-0.225031888474221
"ZeroXClem/Llama-3.1-8B-SpecialTitanFusion",0.61381034184191
"agentlans/Llama3.1-8B-drill",0.672555243126022
"grimjim/Llama3.1-SuperNovaLite-HuatuoSkywork-o1-8B",0.319042089548697
"grimjim/llama-3-Nephilim-v3-8B",-0.0152282354668317
"hotmailuser/Llama-Hermes-slerp2-8B",-0.284117034663086
"jaspionjader/Auro-Kosmos-EVAA-v2-8B",1.02732946720596
"jaspionjader/Kosmos-Aurora_faustus-8B",0.823963574919359
"jaspionjader/Kosmos-EVAA-8B",0.919477067758328
"jaspionjader/Kosmos-EVAA-v7-8B",0.938160478375945
"jaspionjader/Kosmos-EVAA-v6-8B",0.972646487812727
"jaspionjader/Kosmos-EVAA-v9-8B",0.974268351076322
"jaspionjader/dp-6-8b",0.836877630778127
"jaspionjader/f-3-8b",0.97033389458085
"jaspionjader/gamma-Kosmos-EVAA-v2-8B",0.641135020160033
"jaspionjader/gamma-Kosmos-EVAA-v3-8B",0.666172055402309
"johnsutor/Llama-3-8B-Instruct_breadcrumbs-density-0.1-gamma-0.1",-0.151430780345269
"johnsutor/Llama-3-8B-Instruct_breadcrumbs-density-0.3-gamma-0.01",-1.22224035454987
"johnsutor/Llama-3-8B-Instruct_breadcrumbs-density-0.9-gamma-0.1",-0.242851270610282
"johnsutor/Llama-3-8B-Instruct_breadcrumbs_ties-density-0.5-gamma-0.1",-0.278506425019137
"khoantap/llama-3-8b-stock-merge",0.58083684547756
"mlabonne/ChimeraLlama-3-8B-v2",-0.0947972282219522
"mlabonne/Daredevil-8B",0.00631079880713139
"mlabonne/ChimeraLlama-3-8B-v3",-0.0284414373133708
"DreadPoor/Heart_Stolen-ALT-8B-Model_Stock",0.976845265821153
"Etherll/Herplete-LLM-Llama-3.1-8b-Ties",0.574746385661688
"LimYeri/CodeMind-Llama3-8B-unsloth_v4-one-merged",-0.760953803593709
"Nitral-AI/Hathor_Stable-v0.2-L3-8B",0.00343551736202949
"Quazim0t0/GivingTree-8b-sce",0.621672113305179
"SkyOrbis/SKY-Ko-Llama3.1-8B-lora-epoch1",0.651157326594535
"SkyOrbis/SKY-Ko-Llama3.1-8B-lora",0.651157326594535
"Yuma42/Llama3.1-IgneousIguana-8B",1.12511781685356
"ZhangShenao/SELM-Llama-3-8B-Instruct-iter-3",-0.0152698028553948
"invisietch/EtherealRainbow-v0.2-8B",-0.00857455975741953
"invisietch/EtherealRainbow-v0.3-8B",-0.123605222965879
"jaspionjader/Kosmos-EVAA-Fusion-8B",0.969126585568232
"jaspionjader/Kosmos-EVAA-TSN-v19-8B",0.807740736292835
"jaspionjader/Kosmos-EVAA-v4-8B",0.927452340962152
"jaspionjader/Kosmos-EVAA-v3-8B",0.981237430583506
"jaspionjader/Kosmos-Elusive-8b",0.643051389841765
"jaspionjader/Kosmos-Elusive-VENN-8B",0.811823576845053
"jaspionjader/Kosmos-VENN-8B",0.88483580702901
"jaspionjader/dp-7-8b",0.949513260455491
"jaspionjader/fct-9-8b",0.83415544195634
"jaspionjader/kstc-4-8b",0.663535393179415
"jaspionjader/kstc-5-8b",0.811633928685756
"jebish7/Llama-3.1-8B-Instruct",0.651157326594535
"johnsutor/Llama-3-8B-Instruct_breadcrumbs-density-0.7-gamma-0.01",-1.38455581085608
"johnsutor/Llama-3-8B-Instruct_breadcrumbs_ties-density-0.3-gamma-0.1",-0.222585926416297
"lodrick-the-lafted/llama-3.1-8b-instruct-ortho-v7",-1.71468279786593
"mindw96/DeepSeek-llama3.3-Bllossom-8B-DACON-LLM3",-2.00035035386531
"princeton-nlp/Llama-3-Instruct-8B-SimPO",-0.262126609028806
"rmdhirr/Gluon-8B",0.650087642881278
"Casual-Autopsy/L3-Umbral-Mind-RP-v2.0-8B",0.00408868704593087
"DoppelReflEx/L3-8B-R1-WolfCore",0.400843139170553
"DoppelReflEx/L3-8B-WolfCore",0.0996298796131352
"DreadPoor/Aspire_1.3-8B_model-stock",0.739245173193733
"DreadPoor/Aspire_V2_ALT-8B-Model_Stock",0.599718717890415
"DreadPoor/Aspire_V2_ALT_ROW-8B-Model_Stock",0.599718717890415
"DreadPoor/WIP-Acacia-8B-Model_Stock",0.630007277172964
"EpistemeAI/Fireball-Meta-Llama-3.1-8B-Instruct-Agent-0.003-128K-code-ds-auto",-0.436541009664316
"LGAI-EXAONE/EXAONE-3.0-7.8B-Instruct",-0.963488254056165
"MLP-KTLim/llama-3-Korean-Bllossom-8B",-0.372519679799951
"Nexesenex/Llama_3.1_8b_DoberWild_v2.02",0.607090964754108
"Nexesenex/Llama_3.1_8b_DoberWild_v2.03",0.574381046830364
"T145/KRONOS-8B-V5",0.566032928473952
"Yuma42/Llama3.1-SuperHawk-8B",1.10930800185473
"ZeroXClem/Llama-3.1-8B-SuperTulu-LexiNova",-0.274470922744893
"bunnycore/Llama-3.1-8B-TitanFusion-v3",0.91191597214038
"grimjim/Llama-3-Instruct-8B-SPPO-Iter3-SimPO-merge",-0.019664402017041
"grimjim/SauerHuatuoSkywork-o1-Llama-3.1-8B",1.12766406374659
"haoranxu/Llama-3-Instruct-8B-SimPO",-0.0121544172605109
"jaspionjader/Kosmos-EVAA-TSN-v22-8B",0.787626299260975
"jaspionjader/Kosmos-EVAA-gamma-v17-8B",0.774160742212544
"jaspionjader/Kosmos-EVAA-v12-8B",0.970706726196403
"jaspionjader/Kosmos-EVAA-v2-8B",0.923816296365679
"jaspionjader/Kosmos-Elusive-VENN-Aurora_faustus-8B",0.831178331467739
"johnsutor/Llama-3-8B-Instruct_breadcrumbs-density-0.5-gamma-0.1",-0.190691876597393
"johnsutor/Llama-3-8B-Instruct_breadcrumbs_ties-density-0.1-gamma-0.1",-0.14517893613048
"sethuiyer/Llamazing-3.1-8B-Instruct",0.223112541473815
"v000000/L3.1-Storniitova-8B",0.787342703415287
"ymcki/Llama-3.1-8B-SFT-GRPO-Instruct",-1.90596336411043
"3rd-Degree-Burn/L-3.1-Science-Writer-8B",0.106466487661896
"DreadPoor/Aspire_V3-8B-Model_Stock",0.622151851890696
"DreadPoor/What_A_Thrill-8B-Model_Stock",0.387185225798424
"DreadPoor/ichor-8B-Model_Stock",-1.02311350084278
"EpistemeAI/Fireball-R1.1-Llama-3.1-8B",-1.98331486309576
"Khetterman/Kosmos-8B-v1",0.116906435731635
"Locutusque/Hercules-6.1-Llama-3.1-8B",0.574120883068709
"MrRobotoAI/MrRoboto-ProLongBASE-pt8-unaligned-8b",-1.52836913901958
"Nexesenex/Llama_3.1_8b_Smarteaz_V1.01",0.49345387239016
"PJMixers/LLaMa-3-CursedStock-v2.0-8B",-0.250418037515168
"Quazim0t0/Katana-8b-sce",0.614771112877133
"Quazim0t0/TB0-8B-sce",0.614771112877133
"bunnycore/Llama-3.1-8B-TitanFusion-Mix",0.116449396730192
"grimjim/Llama-3-Instruct-8B-SimPO-SPPO-Iter3-merge",-0.0112282865599365
"grimjim/Llama-3.1-8B-Instruct-abliterated_via_adapter",0.610397783908843
"grimjim/Llama-3.1-Bonsaikraft-8B-Instruct",0.388406087262372
"hotmailuser/QwenModelStock-1.8B",-1.71597578962713
"jaspionjader/Auro-Kosmos-EVAA-v2.2-8B",0.895954785941328
"jaspionjader/Kosmos-EVAA-TSN-light-8B",0.844910592054078
"jaspionjader/Kosmos-EVAA-TSN-v21-8B",0.834111492754528
"jaspionjader/Kosmos-EVAA-v11-8B",0.951451311380823
"jaspionjader/gamma-Kosmos-EVAA-8B",0.470551784785137
"jaspionjader/kstc-8-8b",0.803959206613442
"johnsutor/Llama-3-8B-Instruct_breadcrumbs-density-0.7-gamma-0.1",-0.260725832585181
"meta-llama/Llama-3.1-8B-Instruct",0.672587468878268
"mlabonne/NeuralDaredevil-8B-abliterated",-0.00520046048748354
"meta-llama/Meta-Llama-3-8B-Instruct",-0.161453329371959
"BoltMonkey/SuperNeuralDreadDevil-8b",-0.180589826300089
"Delta-Vector/Baldur-8B",0.105226147393689
"DreadPoor/RPMash-8B-Model_Stock",0.118084581644971
"DreadPoor/Rusted_Platinum-8B-Model_Stock",-0.301117417710089
"Nekochu/Luminia-8B-RP",0.359526072833719
"Nexesenex/Llama_3.1_8b_DoberWild_v2.01",0.667553873683188
"Nexesenex/Llama_3.1_8b_Hermedive_R1_V1.01",0.102974833414314
"NousResearch/Hermes-2-Theta-Llama-3-8B",-0.502196211066721
"RLHFlow/ArmoRM-Llama3-8B-v0.1",-1.95098150807016
"Sao10K/L3-8B-Niitama-v1",0.0201629483296885
"Sao10K/L3-8B-Stheno-v3.2",0.048402799493427
"SicariusSicariiStuff/LLAMA-3_8B_Unaligned_BETA",-0.500141397318761
"Sourjayon/DeepSeek-R1-8b-Sify",-1.49994659139301
"T145/ZEUS-8B-V7",0.856106230592294
"Triangle104/DSR1-Distill-Llama-Lit-8B",-1.12223666076241
"Triangle104/LThreePointOne-8B-HermesBlackroot",-0.661692550628063
"ZeroXClem/Llama-3.1-8B-SuperNova-EtherealHermes",0.614770409467562
"ahmeda335/13_outOf_32_pruned_layers_llama3.1-8b",-1.98864574297102
"cgato/TheSalt-L3-8b-v0.3.2",-1.56133054876236
"chujiezheng/Llama-3-Instruct-8B-SimPO-ExPO",-0.499409596111135
"cluebbers/Llama-3.1-8B-paraphrase-type-generation-apty-ipo",-1.68926666113906
"cognitivecomputations/dolphin-2.9-llama3-8b",-1.25188580942811
"deepseek-ai/DeepSeek-R1-Distill-Llama-8B",-1.4633237830585
"internlm/internlm2_5-1_8b-chat",-1.98090369889699
"jaspionjader/Auro-Kosmos-EVAA-v2.3-8B",0.833861572682909
"jaspionjader/Kosmos-EVAA-PRP-v23-8B",0.599977194459305
"jaspionjader/f-6-8b",0.912677407844226
"jaspionjader/knfp-2-8b",0.742660003884189
"johnsutor/Llama-3-8B-Instruct_breadcrumbs_ties-density-0.9-gamma-0.1",-0.326528706731073
"johnsutor/Llama-3-8B-Instruct_breadcrumbs_ties-density-0.7-gamma-0.1",-0.358580367940038
"maldv/badger-lambda-llama-3-8b",-0.0164596363502522
"maldv/badger-writer-llama-3-8b",-0.100090249408534
"mkxu/llama-3-8b-po1",-0.248540363442789
"mobiuslabsgmbh/DeepSeek-R1-ReDistill-Llama3-8B-v1.1",-1.5262254702236
"monsterapi/Llama-3_1-8B-Instruct-orca-ORPO",-1.98733007988412
"nhyha/N3N_Llama-3.1-8B-Instruct_1028_0216",0.36266322995763
"princeton-nlp/Llama-3-Instruct-8B-KTO-v0.2",-0.374482310819765
"princeton-nlp/Llama-3-Instruct-8B-RDPO",-0.179659241960192
"princeton-nlp/Llama-3-Instruct-8B-SLiC-HF",-0.184825473360033
"stupidity-ai/Llama-3-8B-Instruct-MultiMoose",-1.90822087812371
"winglian/llama-3-8b-256k-PoSE",-1.98878038549542
"yfzp/Llama-3-8B-Instruct-SPPO-Iter1_bt_8b-table",-0.182461211811637
"ArliAI/Llama-3.1-8B-ArliAI-RPMax-v1.1",-0.217357538419795
"BEE-spoke-data/Meta-Llama-3-8Bee",-1.15072106567671
"DreadPoor/Aspire_V4_ALT-8B-Model_Stock",0.641478693617267
"DreadPoor/Derivative_V3-8B-Model_Stock",0.106352171884598
"DreadPoor/ONeil-model_stock-8B",-0.0964619575712524
"DreadPoor/Summer_Dawn-8B-SCE",0.604359809965865
"EpistemeAI/Fireball-Alpaca-Llama3.1.07-8B-Philos-Math-KTO-beta",0.336875305520659
"EpistemeAI/Fireball-Meta-Llama-3.1-8B-Instruct-Agent-0.004-128K-code-ds-auto",0.0349164501687116
"Locutusque/Llama-3-NeuralHercules-5.0-8B",-1.09770723510951
"MrRobotoAI/MrRoboto-ProLong-8b-v4i",-1.16687095822701
"Nexesenex/Llama_3.1_8b_DodoWild_v2.01",0.932246202708735
"OpenLeecher/llama3-8b-lima",-1.49858508277126
"SentientAGI/Dobby-Mini-Unhinged-Llama-3.1-8B",0.369709657614467
"T145/KRONOS-8B-V1-P2",-0.197533276409348
"Triangle104/Hermes3-L3.1-DirtyHarry-8B",-0.488095048137268
"dfurman/Llama-3-8B-Orpo-v0.1",-1.41829803400956
"grimjim/llama-3-Nephilim-v2.1-8B",-0.00684912791025947
"jaspionjader/Kosmos-EVAA-PRP-8B",0.342481020552019
"jaspionjader/Kosmos-EVAA-TSN-v20-8B",0.904683996639206
"jaspionjader/Kosmos-EVAA-v9-TitanFusion-Mix-8B",0.730433835751891
"johnsutor/Llama-3-8B-Instruct_breadcrumbs-density-0.9-gamma-0.01",-1.39665461936619
"johnsutor/Llama-3-8B-Instruct_breadcrumbs_ties-density-0.1-gamma-0.01",-0.285656958772883
"johnsutor/Llama-3-8B-Instruct_breadcrumbs_ties-density-0.3-gamma-0.01",-0.705248226972656
"maldv/badger-mu-llama-3-8b",-0.460725604649193
"pankajmathur/orca_mini_v6_8b",-1.99280263831154
"sequelbox/Llama3.1-8B-PlumMath",-1.3535296517702
"sethuiyer/Llama-3.1-8B-Experimental-1206-Instruct",0.0218604857026549
"tannedbum/L3-Nymeria-Maid-8B",0.00205647651634596
"xukp20/Llama-3-8B-Instruct-SPPO-Iter3_bt_2b-table",-0.610729405067475
"xukp20/Llama-3-8B-Instruct-SPPO-score-Iter3_bt_2b-table-0.001",-0.598841672064349
"yfzp/Llama-3-8B-Instruct-SPPO-score-Iter1_bt_8b-table-0.002",-0.254086143602738
"AALF/FuseChat-Llama-3.1-8B-SFT-preview",0.608811978636881
"CreitinGameplays/Llama-3.1-8B-R1-v0.1",-1.85403804855083
"Delta-Vector/Control-8B-V1.1",0.419188853753109
"DreadPoor/Again-8B-Model_Stock",0.336315785833028
"DreadPoor/RPMash_V3-8B-Model_Stock",0.0176033536095057
"Enno-Ai/EnnoAi-Pro-French-Llama-3-8B-v0.4",-1.28659302853286
"Enno-Ai/EnnoAi-Pro-Llama-3-8B-v0.3",-0.964870564745293
"Jimmy19991222/llama-3-8b-instruct-gapo-v2-bert_p-beta10-gamma0.3-lr1.0e-6-scale-log",-0.313635374160974
"Jimmy19991222/llama-3-8b-instruct-gapo-v2-rouge2-beta10-gamma0.3-lr1.0e-6-scale-log",-0.196052579304488
"Nexesenex/Llama_3.1_8b_Mediver_V1.01",-1.2306471069812
"Nexesenex/Llama_3.1_8b_Smarteaz_0.2_R1",0.453992672806463
"T145/Llama-3.1-8B-Zeus",-1.95854131082715
"TheDrummer/Llama-3SOME-8B-v2",0.0995101667691299
"Triangle104/L3.1-8B-Dusky-Ink_v0.r1",-1.01821577744461
"Triangle104/LThreePointOne-8B-HermesInk",-0.438626654628829
"ValiantLabs/Llama3.1-8B-Cobalt",-0.164349846689712
"dnhkng/RYS-Llama-3-8B-Instruct",-0.507364622085824
"ehristoforu/Falcon3-8B-Franken-Basestruct",-1.3771492821227
"fulim/FineLlama-3.1-8B",-1.07230158346549
"gaverfraxz/Meta-Llama-3.1-8B-Instruct-HalfAbliterated-TIES",0.341199699724779
"internlm/internlm2-1_8b",-1.94190311404658
"internlm/internlm2-chat-1_8b",-1.79482429917075
"jaspionjader/PRP-Kosmos-EVAA-light-8B",0.412734262648248
"jaspionjader/kstc-6-8b",0.642665228978699
"johnsutor/Llama-3-8B-Instruct_breadcrumbs-density-0.1-gamma-0.01",-0.359017490068824
"necva/IE-cont-Llama3.1-8B",-1.98733007988412
"vicgalle/Configurable-Hermes-2-Pro-Llama-3-8B",-0.775574258748369
"xkp24/Llama-3-8B-Instruct-SPPO-Iter2_bt_8b-table",-0.418800555488259
"xkp24/Llama-3-8B-Instruct-SPPO-score-Iter2_bt_2b-table-0.001",-0.407111681039613
"xukp20/Llama-3-8B-Instruct-SPPO-Iter3_bt_8b-table",-0.269573500122953
"BlackBeenie/Bloslain-8B-v0.2",0.120638191710342
"BlackBeenie/llama-3.1-8B-Galore-openassistant-guanaco",-0.795920690625615
"CohereForAI/aya-expanse-8b",-1.3907688849443
"EpistemeAI/FineLlama3.1-8B-Instruct",-1.13163273673398
"EpistemeAI2/Fireball-Alpaca-Llama3.1.01-8B-Philos",-0.713024954353483
"Jimmy19991222/llama-3-8b-instruct-gapo-v2-bleu-beta0.1-no-length-scale-gamma0.4",-0.56614411612419
"Jimmy19991222/llama-3-8b-instruct-gapo-v2-rougeL-beta10-gamma0.3-lr1.0e-6-scale-log",-0.198028043037903
"LimYeri/CodeMind-Llama3-8B-unsloth_v4-one-DPO-merged",-0.733724464705778
"NbAiLab/nb-llama-3.1-8B-Instruct",-1.98733007988412
"Nexesenex/Llama_3.1_8b_Dolermed_V1.01",0.325276277925165
"Orenguteng/Llama-3.1-8B-Lexi-Uncensored",0.691107450398132
"Quazim0t0/Motion-8B-Linear",0.600442833196806
"SentientAGI/Dobby-Mini-Leashed-Llama-3.1-8B",0.87738008507532
"Weyaxi/Einstein-v6.1-Llama3-8B",-0.775821045373617
"allura-org/L3.1-8b-RP-Ink",-0.540792268868483
"dustinwloring1988/Reflexis-8b-chat-v7",0.336173719704685
"gmonsoon/SahabatAI-Rebase-8B-Test",0.0297682123741336
"johnsutor/Llama-3-8B-Instruct_breadcrumbs_ties-density-0.7-gamma-0.01",-1.06673762444097
"johnsutor/Llama-3-8B-Instruct_ties-density-0.3",-0.78964761596981
"jsfs11/L3-8B-Stheno-slerp",0.00863952821394517
"mlabonne/OrpoLlama-3-8B",-1.52117675711848
"pankajmathur/orca_mini_v5_8b",-1.14513853083621
"princeton-nlp/Llama-3-Instruct-8B-CPO-v0.2",-0.135346266285633
"sethuiyer/Llama-3.1-8B-Experimental-1208-Instruct",-0.149186804712246
"sethuiyer/Llamaverse-3.1-8B-Instruct",0.115551797086615
"swap-uniba/LLaMAntino-3-ANITA-8B-Inst-DPO-ITA",-0.448978180850061
"theprint/CleverBoi-Llama-3.1-8B-v2",-0.888543300071082
"xxx777xxxASD/L3.1-ClaudeMaid-4x8B",0.217268193702735
"yfzp/Llama-3-8B-Instruct-SPPO-score-Iter1_bt_2b-table-0.001",-0.264579623194402
"Azure99/blossom-v5-llama3-8b",-1.90515129486647
"ContactDoctor/Bio-Medical-Llama-3-8B",-0.649728553723631
"DavidAU/L3.1-Dark-Planet-SpinFire-Uncensored-8B",0.0120798906500659
"DreadPoor/CoolerCoder-8B-LINEAR",-0.881887047244902
"EpistemeAI/Alpaca-Llama3.1-8B",-0.88661342560578
"EpistemeAI/Fireball-Meta-Llama-3.1-8B-Instruct-Agent-0.003-128K-code-ds",-0.375972095226598
"EpistemeAI/Polypsyche-Llama-3.1-8B-Instruct-Agent-0.003-128K-code-ds-auto-Logic",-0.372098069334343
"EpistemeAI2/Fireball-Alpaca-Llama3.1.04-8B-Philos",-0.691853073453648
"Etherll/Replete-LLM-V3-Llama-3.1-8b",-0.448566317476118
"Jimmy19991222/Llama-3-Instruct-8B-SimPO-v0.2",-0.241385439142231
"Jimmy19991222/llama-3-8b-instruct-gapo-v2-bert-f1-beta10-gamma0.3-lr1.0e-6-1minus-rerun",-0.242393201625709
"Jimmy19991222/llama-3-8b-instruct-gapo-v2-rouge2-beta10-1minus-gamma0.3-rerun",-0.1902624869422
"Locutusque/Hercules-6.0-Llama-3.1-8B",0.410668910200346
"Nexesenex/Llama_3.1_8b_DobHerWild_R1_v1.1R",0.606482394068843
"Nexesenex/Llama_3.1_8b_Hermedive_V1.01",0.308150637560722
"OpenBuddy/openbuddy-llama3.1-8b-v22.3-131k",-0.820947900191039
"Sakalti/Saba1-1.8B",-1.70672400052287
"T145/ZEUS-8B-V17-abliterated-V4",0.312438470293038
"UCLA-AGI/Llama-3-Instruct-8B-SPPO-Iter2",-0.165806573966139
"allenai/Llama-3.1-Tulu-3-8B-RM",-1.92599281191767
"cluebbers/Llama-3.1-8B-paraphrase-type-generation-etpc",-1.66784755155104
"cognitivecomputations/Dolphin3.0-Llama3.1-8B",-0.943523663506441
"fluently-lm/Llama-TI-8B-Instruct",0.60988520094659
"johnsutor/Llama-3-8B-Instruct_ties-density-0.5",-1.09128683674108
"johnsutor/Llama-3-8B-Instruct_ties-density-0.7",-1.12021379352364
"pankajmathur/orca_mini_v5_8b_dpo",-1.03357573839836
"princeton-nlp/Llama-3-8B-ProLong-64k-Instruct",-0.646730413617168
"princeton-nlp/Llama-3-Instruct-8B-DPO",-0.120441697234592
"xkp24/Llama-3-8B-Instruct-SPPO-Iter2_bt_2b-table",-0.441626418367213
"BlackBeenie/Llama-3.1-8B-pythonic-passthrough-merge",-1.99006354797421
"Columbia-NLP/LION-LLaMA-3-8b-sft-v1.0",-0.604789731840874
"DavidAU/DeepSeek-BlackRoot-R1-Distill-Llama-3.1-8B",-0.950148749277019
"DavidAU/DeepSeek-MOE-4X8B-R1-Distill-Llama-3.1-Deep-Thinker-Uncensored-24B",-0.86676354740084
"DavidAU/DeepSeek-MOE-4X8B-R1-Distill-Llama-3.1-Mad-Scientist-24B",-0.940258239019216
"DevQuasar/DevQuasar-R1-Uncensored-Llama-8B",0.310517473635426
"DreadPoor/Irina-8B-model_stock",-0.0218147739000898
"EpistemeAI/Polypsyche-Llama-3.1-8B-Instruct-Agent-0.003-128K-code-ds-auto-divergent",-0.479136935843443
"EpistemeAI2/Fireball-Alpaca-Llama3.1.08-8B-C-R1-KTO-Reflection",0.110349310144538
"Hastagaras/Llama-3.1-Jamet-8B-MK.I",0.111883580894927
"HumanLLMs/Humanish-LLama3-8B-Instruct",-0.139246966039124
"Jimmy19991222/llama-3-8b-instruct-gapo-v2-bert_f1-beta10-gamma0.3-lr1.0e-6-scale-log",-0.185094809520801
"Marsouuu/lareneg1_78B-ECE-PRYMMAL-Martial",-1.6251346186769
"MaziyarPanahi/Llama-3-8B-Instruct-v0.8",-0.100524805919519
"MaziyarPanahi/Llama-3-8B-Instruct-v0.9",-0.246474462026317
"NeverSleep/Lumimaid-v0.2-8B",0.447161050918545
"OEvortex/Emotional-llama-8B",-0.406403151406506
"OpenBuddy/openbuddy-llama3-8b-v21.2-32k",-1.13948669020432
"OpenScholar/Llama-3.1_OpenScholar-8B",0.507822192382204
"Quazim0t0/Aura-8B-Linear",0.674769268904004
"Quazim0t0/Charlie-8B-Linear",-0.270913687258387
"Sao10K/L3-8B-Stheno-v3.3-32K",-1.91616407398393
"SicariusSicariiStuff/Winged_Imp_8B",0.22570756872671
"SicariusSicariiStuff/Wingless_Imp_8B",0.22570756872671
"Supichi/BBAI_78B_Calme_3_1_Ties",-1.94074782288424
"T145/ZEUS-8B-V2-ORPO",0.560122670762847
"Triangle104/Distilled-DarkPlanet-Allades-8B",-1.06399162884264
"UCLA-AGI/Llama-3-Instruct-8B-SPPO-Iter1",-0.117001182148338
"UCLA-AGI/Llama-3-Instruct-8B-SPPO-Iter3",-0.247095141998744
"UKzExecution/LlamaExecutor-8B-3.0.5",-0.117678783903469
"ghost-x/ghost-8b-beta-1608",-1.36287345711308
"johnsutor/Llama-3-8B-Instruct_breadcrumbs_ties-density-0.9-gamma-0.01",-1.03893854769332
"nothingiisreal/L3.1-8B-Celeste-V1.5",0.587545689488805
"princeton-nlp/Llama-3-Instruct-8B-RRHF",-0.209791496668136
"princeton-nlp/Llama-3-Instruct-8B-SimPO-v0.2",-0.26075644102498
"xukp20/Llama-3-8B-Instruct-SPPO-score-Iter3_bt_8b-table-0.002",-0.464024542771812
"xukp20/llama-3-8b-instruct-sppo-iter1-gp-2b-tau01-table",-0.166110252312255
"yfzp/Llama-3-8B-Instruct-SPPO-Iter1_bt_2b-table",-0.190924639383198
"yfzp/Llama-3-8B-Instruct-SPPO-Iter1_gp_2b-table",-0.163901362621911
"yfzp/Llama-3-8B-Instruct-SPPO-Iter1_gp_8b-table",-0.274330204370246
"yuvraj17/Llama3-8B-SuperNova-Spectrum-dare_ties",0.108777134305106
"yuvraj17/Llama3-8B-abliterated-Spectrum-slerp",-0.941089493514012
"EpistemeAI/Polypsyche-Llama-3.1-8B-Instruct-Agent-0.003-128K-code-ds-auto-Empathy",-0.390761258792222
"NAPS-ai/naps-llama-3_1-8b-instruct-v0.3",-0.495469852110314
"Nekochu/Llama-3.1-8B-french-DPO",-0.487354230316578
"T145/KRONOS-8B-V3",0.539698760649168
"T145/KRONOS-8B-V7",-1.63575763825255
"Triangle104/Distilled-DarkPlanet-Allades-8B_TIES",-0.58230462795214
"VAGOsolutions/Llama-3-SauerkrautLM-8b-Instruct",-0.217352069251604
"VIRNECT/llama-3-Korean-8B",-0.368421480214702
"allenai/Llama-3.1-Tulu-3-8B-SFT",-1.3115413892638
"cluebbers/Llama-3.1-8B-paraphrase-type-generation-apty-sigmoid",-1.70461692952198
"johnsutor/Llama-3-8B-Instruct_ties-density-0.9",-1.05041088662659
"princeton-nlp/Llama-3-Instruct-8B-CPO",-0.119193010567893
"riaz/FineLlama-3.1-8B",-1.24305981805003
"sequelbox/Llama3.1-8B-PlumChat",-1.82030277357137
"vhab10/Llama-3.1-8B-Base-Instruct-SLERP",0.117468124089699
"vicgalle/Roleplay-Llama-3-8B",-0.124257469708732
"xukp20/Llama-3-8B-Instruct-SPPO-Iter3_gp_2b-table",-0.445906187501164
"yfzp/Llama-3-8B-Instruct-SPPO-score-Iter1_gp_2b-table-0.001",-0.32410611985066
"yfzp/Llama-3-8B-Instruct-SPPO-score-Iter1_gp_8b-table-0.002",-0.369531813472236
"AGI-0/smartllama3.1-8B-001",-0.401789080316545
"AALF/FuseChat-Llama-3.1-8B-Instruct-preview",0.421093956024547
"AuraIndustries/Aura-8B",0.903028468119741
"CYFRAGOVPL/Llama-PLLuM-8B-base",-1.59247913977435
"CYFRAGOVPL/Llama-PLLuM-8B-chat",-1.45560802223318
"Danielbrdz/Barcenas-Llama3-8b-ORPO",-0.125083064206638
"DreadPoor/Nother_One-8B-Model_Stock",0.322159816861514
"EpistemeAI/Fireball-Meta-Llama-3.1-8B-Instruct-Agent-0.004-128K-code-COT",-0.159035993521624
"EpistemeAI2/Fireball-Alpaca-Llama3.1.03-8B-Philos",-0.748524049793138
"EpistemeAI2/Fireball-Alpaca-Llama3.1.06-8B-Philos-dpo",0.337317709946769
"FINGU-AI/L3-8B",0.433300408631003
"FuseAI/FuseChat-Llama-3.1-8B-Instruct",0.421093956024547
"HoangHa/Pensez-Llama3.1-8B",-0.967866158783881
"Kquant03/L3-Pneuma-8B",-1.01367541110912
"LimYeri/CodeMind-Llama3-8B-unsloth_v3-merged",-0.565942074680689
"Lyte/Llama-3.1-8B-Instruct-Reasoner-1o1_v0.3",0.333160157007638
"Magpie-Align/Llama-3-8B-Magpie-Align-SFT-v0.3",-1.33365796941177
"NCSOFT/Llama-VARCO-8B-Instruct",-0.88195615793596
"NbAiLab/nb-llama-3.1-8B-sft",-1.98733007988412
"T145/KRONOS-8B-V1-P3",-0.454733911949381
"T145/KRONOS-8B-V6",-0.649166840958988
"Triangle104/DS-R1-Llama-8B-Harmony",-1.14398307078407
"bluuwhale/L3-SthenoMaid-8B-V1",-0.0110977373415158
"failspy/Meta-Llama-3-8B-Instruct-abliterated-v3",-0.233898193366596
"ibm-granite/granite-3.1-8b-instruct",-1.0191705527633
"ibm-granite/granite-3.2-8b-instruct",-1.08742566240522
"jiangxinyang-shanda/Homer-LLama3-8B",-1.19253739138299
"johnsutor/Llama-3-8B-Instruct_dare_ties-density-0.3",-1.42401480230825
"kms7530/chemeng_llama-3-8b-Instruct-bnb-4bit_24_1_100_1",-1.31704449921408
"leafspark/Llama-3.1-8B-MultiReflection-Instruct",0.338253494882936
"maldv/badger-kappa-llama-3-8b",-0.085156793011537
"moeru-ai/L3.1-Moe-4x8B-v0.1",-0.466875893736231
"princeton-nlp/Llama-3-Base-8B-SFT-IPO",-0.878181071932977
"sunbaby/BrainCog-8B-0.1-Instruct",-1.10949746931966
"theprint/Code-Llama-Bagel-8B",-1.23960224540386
"xkp24/Llama-3-8B-Instruct-SPPO-Iter2_gp_8b-table",-0.590571848690964
"xukp20/Llama-3-8B-Instruct-SPPO-Iter3_gp_8b-table",-0.565417134995434
"AGI-0/Artificium-llama3.1-8B-001",-0.889329181601152
"DebateLabKIT/Llama-3.1-Argunaut-1-8B-SFT",-0.485146676288624
"DeepMount00/Llama-3-8b-Ita",-0.150396667554145
"Edgerunners/meta-llama-3-8b-instruct-hf-ortho-baukit-34fail-3000total-bf16",-0.233615790108166
"EpistemeAI/Fireball-Alpaca-Llama-3.1-8B-Philos-DPO-200",0.226682835346376
"EpistemeAI/Fireball-Meta-Llama-3.1-8B-Instruct-Math",-0.87475730634694
"EpistemeAI2/Fireball-Alpaca-Llama3.1-8B-Philos",-0.554209992782783
"Magpie-Align/Llama-3-8B-Magpie-Align-SFT-v0.1",-1.25639316890982
"MaziyarPanahi/Llama-3-8B-Instruct-v0.10",-0.262312690085098
"Nekochu/Llama-3.1-8B-German-ORPO",-0.203654039471765
"NousResearch/Hermes-2-Pro-Llama-3-8B",-0.777116903446564
"Qwen/Qwen1.5-1.8B",-1.94365134022768
"T145/ZEUS-8B-V17-abliterated-V2",-0.586199279628721
"TencentARC/Mistral_Pro_8B_v0.1",-1.33651115986108
"Weyaxi/Einstein-v6.1-developed-by-Weyaxi-Llama3-8B",-0.863883321199155
"chargoddard/prometheus-2-llama-3-8b",-0.916385368837376
"dustinwloring1988/Reflexis-8b-chat-v1",-0.650296781711684
"failspy/Llama-3-8B-Instruct-abliterated",-1.23080786525128
"fluently-lm/Llama-TI-8B",-0.136039680947816
"grimjim/HuatuoSkywork-o1-Llama-3.1-8B",-0.572099073973038
"ibm-granite/granite-3.0-8b-instruct",-1.26327668542404
"jaspionjader/PRP-Kosmos-EVAA-8B",0.367851343078082
"johnsutor/Llama-3-8B-Instruct_dare_ties-density-0.7",-1.38104935775792
"mukaj/Llama-3.1-Hawkish-8B",-0.904451797539318
"sequelbox/Llama3.1-8B-MOTH",-0.83922896958365
"sethuiyer/LlamaZero-3.1-8B-Experimental-1208",-0.992962291455267
"xkp24/Llama-3-8B-Instruct-SPPO-score-Iter2_gp_8b-table-0.002",-0.721942260733428
"Enno-Ai/EnnoAi-Pro-Llama-3.1-8B-v0.9",-1.50778040861328
"EnnoAi/EnnoAi-Pro-Llama-3.1-8B-v1.0",-1.50778040861328
"GenVRadmin/llama38bGenZ_Vikas-Merged",-1.62981617706183
"LimYeri/CodeMind-Llama3.1-8B-unsloth-merged",-0.721784085404566
"Locutusque/Llama-3-Yggdrasil-2.0-8B",-0.67324326379573
"Magpie-Align/Llama-3-8B-Magpie-Align-v0.1",-1.02120314960269
"Magpie-Align/Llama-3.1-8B-Magpie-Align-v0.1",-0.85488623774491
"Nexesenex/Llama_3.1_8b_DeepDive_3_R1_Prev_v1.0",-0.128165439790598
"OpenBuddy/openbuddy-llama3.1-8b-v22.2-131k",-0.724059751801607
"Replete-AI/L3.1-Pneuma-8B",0.494304166999365
"Replete-AI/Replete-Coder-Llama3-8B",-1.78022720307893
"TencentARC/LLaMA-Pro-8B",-1.97254954241233
"collaiborateorg/Collaiborator-MEDLLM-Llama-3-8B-v2",-1.09927540136314
"dustinwloring1988/Reflexis-8b-chat-v6",-0.420308745432017
"gradientai/Llama-3-8B-Instruct-Gradient-1048k",-1.23792417351118
"ibm-granite/granite-3.0-8b-base",-1.35357485355669
"jebish7/aya-expanse-8b",-1.29652025758353
"johnsutor/Llama-3-8B-Instruct_dare_ties-density-0.1",-1.94614981814763
"migtissera/Llama-3-8B-Synthia-v3.5",-0.931277305427123
"nbeerbower/llama3.1-cc-8B",-0.543873314424938
"prithivMLmods/Tulu-MathLingo-8B",-0.783842808545206
"rombodawg/rombos_Replete-Coder-Llama3-8B",-1.83161555046492
"v000000/L3-8B-Stheno-v3.2-abliterated",-0.22097983410843
"xkp24/Llama-3-8B-Instruct-SPPO-score-Iter2_bt_8b-table-0.002",-0.411165775800083
"xkp24/Llama-3-8B-Instruct-SPPO-score-Iter2_gp_2b-table-0.001",-0.44265378416383
"yifAI/Llama-3-8B-Instruct-SPPO-score-Iter3_gp_8b-table-0.002",-0.767803125937501
"yuvraj17/Llama3-8B-SuperNova-Spectrum-Hermes-DPO",-1.39228733871248
"DavidAU/DeepHermes-3-Llama-3-8B-Preview-16.5B-Brainstorm",-0.875781986881887
"LEESM/llama-3-8b-bnb-4b-kowiki231101",-1.71711297429251
"LimYeri/CodeMind-Llama3-8B-unsloth_v2-merged",-0.568762152815087
"Magpie-Align/Llama-3.1-8B-Magpie-Align-SFT-v0.1",-1.3107654875038
"Nexesenex/Llama_3.1_8b_DeepDive_3_Prev_v1.0",-0.232270687317501
"Nexesenex/Llama_3.1_8b_Hermedive_R1_V1.03",0.106145365490316
"PocketDoc/Dans-PersonalityEngine-v1.0.0-8b",-0.940062836806426
"Replete-AI/L3-Pneuma-8B",-0.99082006852024
"Replete-AI/Llama3-8B-Instruct-Replete-Adapted",-0.471971798704503
"Salesforce/LLaMA-3-8B-SFR-Iterative-DPO-R",-1.04268778757538
"Triangle104/Llama3.1-Allades-Lit-8b",-1.34225593188908
"ValiantLabs/Llama3.1-8B-Enigma",-0.828368075848033
"bunnycore/Best-Mix-Llama-3.1-8B",-1.6481830741997
"jaspionjader/Kosmos-EVAA-TSN-8B",0.943401267310201
"johnsutor/Llama-3-8B-Instruct_breadcrumbs_ties-density-0.5-gamma-0.01",-0.893490302155365
"johnsutor/Llama-3-8B-Instruct_dare_linear",-1.84027666341602
"mistralai/Ministral-8B-Instruct-2410",-1.37685549136234
"nvidia/Minitron-8B-Base",-1.49449074900334
"nvidia/Mistral-NeMo-Minitron-8B-Instruct",-1.29407346623213
"nvidia/OpenMath2-Llama3.1-8B",-1.48769070532743
"openchat/openchat-3.6-8b-20240522",-0.933934740250944
"princeton-nlp/Llama-3-8B-ProLong-512k-Instruct",-0.612819264306806
"princeton-nlp/Llama-3-Instruct-8B-RRHF-v0.2",-0.55695548512319
"princeton-nlp/Llama-3-Instruct-8B-SLiC-HF-v0.2",-0.55695548512319
"prithivMLmods/Llama-3.1-8B-Open-SFT",-0.182414088675403
"qingy2019/OpenMath2-Llama3.1-8B",-1.48769070532743
"theprint/ReWiz-Llama-3.1-8B-v2",-0.852057300218793
"thinkcoder/llama3-8b-instruct-lora-8-sft",-0.658455488334997
"xinchen9/Llama3.1_8B_Instruct_CoT",-1.33522797571918
"xkp24/Llama-3-8B-Instruct-SPPO-Iter2_gp_2b-table",-0.275301712263844
"xukp20/Llama-3-8B-Instruct-SPPO-score-Iter3_gp_2b-table-0.001",-0.614054118822339
"3rd-Degree-Burn/Llama-3.1-8B-Squareroot",-1.49819901309833
"3rd-Degree-Burn/Llama-Squared-8B",-1.27381281443407
"BAAI/Infinity-Instruct-3M-0625-Llama3-8B",-0.972985192630271
"Dans-DiscountModels/Dans-Instruct-Mix-8b-ChatML",-1.0080957259383
"Dans-DiscountModels/Dans-Instruct-Mix-8b-ChatML-V0.2.0",-1.08702466388381
"Delta-Vector/Tor-8B",-1.19701831410776
"DreadPoor/Winter_Dusk-8B-TIES",-0.388058774490718
"GoToCompany/llama3-8b-cpt-sahabatai-v1-instruct",-0.357293724135727
"Kukedlc/NeuralLLaMa-3-8b-ORPO-v0.3",-1.05999749139708
"Replete-AI/Replete-Coder-Instruct-8b-Merged",-1.80705246565588
"T145/ZEUS-8B-V21",-1.79545432147392
"Triangle104/L3.1-8B-Dusky-Ink",0.0165666756509924
"VIRNECT/llama-3-Korean-8B-r-v-0.1",-0.642391664566504
"ZeroXClem/Llama-3.1-8B-AthenaSky-MegaMix",0.333773867130213
"abacusai/Llama-3-Smaug-8B",-1.02440751665309
"cognitivecomputations/dolphin-2.9.4-llama3.1-8b",-1.96632270396853
"dustinwloring1988/Reflexis-8b-chat-v5",-0.830321848461793
"h2oai/h2o-danube-1.8b-chat",-1.9584177499116
"hotmailuser/Llama-Hermes-slerp-8B",-0.574900893080573
"iFaz/llama31_8B_en_emo_v4",-1.04183147340587
"lightblue/suzume-llama-3-8B-multilingual-orpo-borda-full",-0.761210109244772
"rombodawg/rombos_Replete-Coder-Instruct-8b-Merged",-1.80705246565588
"winglian/Llama-3-8b-64k-PoSE",-1.62429367250653
"3rd-Degree-Burn/Llama-3.1-8B-Squareroot-v1",-1.81590627102669
"BlackBeenie/Llama-3.1-8B-OpenO1-SFT-v0.1",-0.451476541475553
"Columbia-NLP/LION-LLaMA-3-8b-dpo-v1.0",-0.585764164143422
"EpistemeAI/Fireball-Meta-Llama-3.1-8B-Instruct-0.001-128K-auto",-0.272446725261662
"EpistemeAI/Fireball-Alpaca-Llama3.1.08-8B-Philos-C-R2",-0.645678761241613
"EpistemeAI/Fireball-Meta-Llama-3.2-8B-Instruct-agent-003-128k-code-DPO",0.11022224777543
"EpistemeAI/Fireball-R1-Llama-3.1-8B",-1.89628777454514
"EpistemeAI2/Fireball-Llama-3.1-8B-Philos-Reflection",0.109728393087621
"LEESM/llama-3-Korean-Bllossom-8B-trexlab-oki10p",-1.30131016405498
"Magpie-Align/MagpieLM-8B-Chat-v0.1",-0.905685698681044
"Magpie-Align/MagpieLM-8B-SFT-v0.1",-1.22911623373441
"Nexesenex/Llama_3.1_8b_Medusa_v1.01",0.112358062509035
"T145/ZEUS-8B-V24",-0.517284581781393
"ZeroXClem/Llama-3.1-8B-RainbowLight-EtherealMix",0.399752437401847
"argilla-warehouse/Llama-3.1-8B-MagPie-Ultra",-1.00644557329919
"dustinwloring1988/Reflexis-8b-chat-v3",-0.343407509712148
"ilsp/Llama-Krikri-8B-Instruct",-0.643325493896127
"minghaowu/Qwen1.5-1.8B-OpenHermes-2.5",-1.99462100317351
"netcat420/Llama3.1-MFANN-8b",-1.45865547495106
"pankajmathur/orca_mini_v5_8b_orpo",-1.27136820727782
"princeton-nlp/Llama-3-Base-8B-SFT-KTO",-1.02026089280031
"princeton-nlp/Llama-3-Base-8B-SFT-RDPO",-0.945216758292016
"princeton-nlp/Llama-3-Instruct-8B-KTO",-0.019329476323742
"vicgalle/Humanish-RP-Llama-3.1-8B",-0.265798015391788
"Dans-DiscountModels/Dans-Instruct-Mix-8b-ChatML-V0.1.0",-1.00402302160869
"Dans-DiscountModels/Dans-Instruct-Mix-8b-ChatML-V0.1.1",-1.02868376361709
"DavidAU/DeepThought-MOE-8X3B-R1-Llama-3.2-Reasoning-18B",-1.52311453822271
"EleutherAI/pythia-2.8b",-1.88741551570249
"EpistemeAI2/Fireball-Alpaca-Llama3.1.07-8B-Philos-Math",0.0997995686801655
"EpistemeAI2/Fireball-Alpaca-Llama3.1.08-8B-Philos-C-R1",0.0488287734317028
"EpistemeAI2/Fireball-Meta-Llama-3.1-8B-Instruct-Agent-0.005-128K-code-COT",0.106162028174953
"HPAI-BSC/Llama3.1-Aloe-Beta-8B",0.0349356639932835
"Triangle104/Minerva-8b",-1.30211771310217
"ValiantLabs/Llama3.1-8B-ShiningValiant2",-1.30410901150197
"dustinwloring1988/Reflexis-8b-chat-v4",-0.497243059758107
"failspy/Llama-3-8B-Instruct-MopeyMule",-1.75141694694387
"ibm-granite/granite-3.1-8b-base",-1.35605605404636
"lordjia/Llama-3-Cantonese-8B-Instruct",-0.526872989737993
"mlabonne/Meta-Llama-3.1-8B-Instruct-abliterated",-0.396575415548738
"nvidia/Mistral-NeMo-Minitron-8B-Base",-1.23304617276073
"princeton-nlp/Llama-3-Base-8B-SFT-DPO",-0.923555679092785
"princeton-nlp/Llama-3-Instruct-8B-ORPO-v0.2",-0.105658175847615
"prithivMLmods/Llama-8B-Distill-CoT",-1.13589559554269
"sequelbox/Llama3.1-8B-PlumCode",-1.68354234360494
"theprint/CleverBoi-Llama-3.1-8B-Instruct",-1.06508771796225
"tokyotech-llm/Llama-3-Swallow-8B-Instruct-v0.1",-0.995994447141323
"BAAI/Infinity-Instruct-7M-0729-Llama3_1-8B",-0.791869554479207
"BAAI/Infinity-Instruct-7M-Gen-Llama3_1-8B",-0.791869554479207
"Enno-Ai/EnnoAi-Pro-Llama-3-8B",-1.44225320823372
"EpistemeAI/Fireball-Meta-Llama-3.1-8B-Instruct-Agent-0.003-128K",0.100313413885017
"Sakalti/SJT-8B-V1.1",-1.38160058751896
"TheDrummer/Ministrations-8B-v1",-1.22838387212925
"allknowingroger/Ministral-8B-slerp",-1.23140224177865
"dustinwloring1988/Reflexis-8b-chat-v2",-0.44717335074619
"lightblue/suzume-llama-3-8B-multilingual-orpo-borda-top25",-0.486819923526596
"lightblue/suzume-llama-3-8B-multilingual-orpo-borda-top75",-0.331759534666096
"pankajmathur/Al_Dente_v1_8b",-1.40614533280457
"princeton-nlp/Llama-3-Base-8B-SFT-RRHF",-1.37729849052912
